County, State
Maricopa County, AZ
Alameda County, CA
Los Angeles County, CA
Orange County, CA
Riverside County, CA
Sacramento County, CA
San Bernardino County, CA
San Diego County, CA
San Francisco County, CA
Broward County, FL
Duval County, FL
Hillsborough County, FL
Miami-Dade County, FL
Orange County, FL
Palm Beach County, FL
Pinellas County, FL
Cobb County, GA
Dekalb County, GA
Fulton County, GA
Gwinnett County, GA
Cook County, IL
Marion County, IN
East Baton Rouge Parish, LA
Orleans Parish, LA
Baltimore City, MD
Montgomery County, MD
Prince George’s County, MD
Suffolk County, MA
Wayne County, MI
Clark County, NV
Essex County, NJ
Hudson County, NJ
Bronx County, NY
Kings County, NY
New York County, NY
Queens County, NY
Mecklenburg County, NC
Cuyahoga County, OH
Franklin County, OH
Hamilton County, OH
Philadelphia County, PA
San Juan Municipio, PR
Shelby County, TN
Bexar County, TX
Dallas County, TX
Harris County, TX
Tarrant County, TX
Travis County, TX
King County, WA
All Counties,Alabama
All Counties,Arkansas
All Counties,District of Columbia
All Counties,Kentucky
All Counties,Mississippi
All Counties,Missouri
All Counties,Oklahoma
All Counties,South Carolina
